State,Quarter-1,Quarter-2,Quarter-3,Quarter-4,Annual
Year-2005, 0.036254, 0.074018, 0.067221, 0.07855, 0.049849
Year-2006, 0.04601, 0.043681, 0.075131, 0.122889, 0.086779
Year-2007, 0.04754, 0.05171, 0.054212, 0.058382, 0.038365
Year-2008, 0.049395, 0.055952, 0.107096, 0.180096, 0.14294
Year-2009, 0.046207, 0.052561, 0.068733, 0.125915, 0.086061
Year-2010, 0.058672, 0.052153, 0.053339, 0.103121, 0.061636
Year-2011, 0.046834, 0.045066, 0.043299, 0.086598, 0.053903
Year-2012, 0.071823, 0.04341, 0.078137, 0.071823, 0.048934
