State,Quarter-1,Quarter-2,Quarter-3,Quarter-4, Annual
Year-2005,0,0.008696,0.008696,0.008696,0.06087
Year-2006,0.00491,0.00982,0.01964,0.03928,0.13257
Year-2007,0,0,0,0,0.0375
Year-2008,0.015273,0.026182,0.052364,0.056727,0.154909
Year-2009,0,0,0.011561,0.028902,0.075145
Year-2010,0.008929,0.004464,0.004464,0.008929,0.080357
Year-2011,0.017751,0,0,0.017751,0.053254
Year-2012,0,0.011152,0,0,0.04461
